model,mean_external_roc_auc,min_external_roc_auc,mean_external_pr_auc,mean_external_balanced_accuracy,mean_external_sensitivity,mean_external_specificity
linear_svm,0.9769886293167171,0.9237439909510794,0.977531564764475,0.873513349514563,0.751881067961165,0.9951456310679612
lasso_logistic,0.9297990831604523,0.7800923743990951,0.9116810424156203,0.7019748455428068,0.7104368932038835,0.6935127978817299
elastic_net,0.9288728909416533,0.85,0.9271392145712294,0.781492718446602,0.5678398058252427,0.9951456310679612
random_forest,0.8172441255190479,0.5263157894736843,0.8058292175030842,0.5,0.75,0.25
mlp_small,0.6229511536378134,0.2513157894736842,0.7057404616451295,0.5113720560226692,0.39486981465136806,0.6278742973939704
rbf_svm,0.4821862086776859,0.003125,0.6523495751392208,0.5,1.0,0.0
gradient_boosting,0.4604954738426099,0.17355371900826444,0.6335361633160467,0.5113636363636364,0.75,0.2727272727272727
