stress_group,samples,mean_score,median_score,q1_score,q3_score,min_score,max_score,interpretation
Normal control,11,0.11679421135431456,0.09520189552050867,0.07845922747129747,0.1068170149376427,0.04643802927165227,0.3636045935832565,final-panel refit disease-state score; not an IPF-specific diagnostic test
NSIP,10,0.8687897301045181,0.9303170745131737,0.7613822443856004,0.9723467501506109,0.6096227573516966,0.9910091144433759,final-panel refit disease-state score; not an IPF-specific diagnostic test
Mixed IPF-NSIP,5,0.9211465571044688,0.9963510527224337,0.8924589157782347,0.9965251136110503,0.7219381988962038,0.9984595045144207,final-panel refit disease-state score; not an IPF-specific diagnostic test
IPF,22,0.954513138914934,0.9711395968613274,0.9463352418921608,0.9875918811775097,0.6792392291079363,0.9978395639732984,final-panel refit disease-state score; not an IPF-specific diagnostic test
