comparator_type,signature_name,mean_external_roc_auc,min_external_roc_auc,mean_external_pr_auc,mean_external_balanced_accuracy,feature_count
our_discovery_only_model,our_elastic_net,0.970810533261233,0.9095579225186162,0.9643977892735464,0.9419737422771404,25
published_signature,explainable_ml_reported_genes_2023,0.9457884450454183,0.8389103591290414,0.9167848296191529,0.7268299693408278,8
published_signature,classic_mmp_biomarkers,0.7868359001625393,0.5,0.7869003798485754,0.6191609664607237,1
published_signature,metabolism_demrg_frontiers_2023,0.770631067961165,0.5,0.7738361961662932,0.7179225507502207,6
published_signature,ppi_hub_frontiers_2021,0.753645306875085,0.49552266943161466,0.7553352055287805,0.506578947368421,11
published_signature,ann_six_gene_scirep_2023,0.7480051577669903,0.49514563106796117,0.7524488530452892,0.5,6
published_signature,cxcl14_shap_reported_2025,0.7295193773569766,0.5,0.73890304542035,0.5,1
