signature_name,mean_external_roc_auc,min_external_roc_auc,mean_external_pr_auc,mean_external_balanced_accuracy,feature_count
explainable_ml_reported_genes_2023,0.9457884450454183,0.8389103591290414,0.9167848296191529,0.7268299693408278,8
classic_mmp_biomarkers,0.7868359001625393,0.5,0.7869003798485754,0.6191609664607237,1
metabolism_demrg_frontiers_2023,0.770631067961165,0.5,0.7738361961662932,0.7179225507502207,6
ppi_hub_frontiers_2021,0.753645306875085,0.49552266943161466,0.7553352055287805,0.506578947368421,11
ann_six_gene_scirep_2023,0.7480051577669903,0.49514563106796117,0.7524488530452892,0.5,6
cxcl14_shap_reported_2025,0.7295193773569766,0.5,0.73890304542035,0.5,1
