model,mean_external_roc_auc,min_external_roc_auc,mean_external_pr_auc,mean_external_balanced_accuracy,mean_external_sensitivity,mean_external_specificity
elastic_net,0.970810533261233,0.9095579225186162,0.9643977892735465,0.9419737422771404,0.9260922330097088,0.957855251544572
linear_svm,0.9684816069361939,0.8874540484494298,0.9653534885342576,0.8150585601802388,0.9951456310679612,0.6349714892925163
mlp_small,0.8267118037812979,0.5436893203883495,0.8031244530019255,0.5880754401449342,1.0,0.17615088028986853
random_forest,0.8240062938431123,0.5263157894736843,0.8083442311120004,0.609375,0.96875,0.25
lasso_logistic,0.8109915211058458,0.5526315789473684,0.8017578846141926,0.6742484728480512,0.9310458958517212,0.41745104984438147
rbf_svm,0.5854338842975206,0.35,0.7005618449181332,0.5,1.0,0.0
gradient_boosting,0.4504499459175859,0.17355371900826444,0.6395191631151846,0.5242718446601942,0.6851279788172993,0.36341571050308913
