roc_auc,pr_auc,balanced_accuracy,omitted_validation_cohort,kept_validation_cohorts,samples,mean_cohort_roc_auc,min_cohort_roc_auc,mean_cohort_pr_auc,mean_cohort_balanced_accuracy
0.9229353468617272,0.910553377375731,0.9078810759792355,GSE110147,GSE150910;GSE53845;GSE92592,293,0.9610807110149774,0.9095579225186162,0.9525303856980619,0.9377831715210356
0.9890885750962772,0.9953869883040332,0.9563543003851092,GSE150910,GSE110147;GSE53845;GSE92592,120,0.9912280701754387,0.9736842105263158,0.9918803418803419,0.9598484848484848
0.9203007518796993,0.9025470028682465,0.9109929997407311,GSE53845,GSE110147;GSE150910;GSE92592,278,0.9610807110149774,0.9095579225186162,0.9525303856980619,0.9392983230361871
0.9132886239443616,0.903814813760113,0.9055389965226031,GSE92592,GSE110147;GSE150910;GSE53845,287,0.9698526408395387,0.9095579225186162,0.96065004381772,0.9309649897028538
