mean_predicted_probability,observed_ipf_fraction
0.0,0.07920792079207921
0.00037910399939089956,0.26666666666666666
0.36011151021152976,0.4375
0.8533334295687574,1.0
0.9943591396625139,0.9384615384615385
